"outcome","split","arm","estimate","se_emp","se_stk","mean_size"
"30-day survival (risk difference)",1,"full",-0.0713880709221463,0.0159253790898329,0.0173922033693919,74
"30-day survival (risk difference)",1,"out_thr",-0.0735250546405503,0.0128705855983781,0.0132124512809538,15.8
"30-day survival (risk difference)",1,"out_bic",-0.0581911766773137,0.0122228181344963,0.0126233282174531,10.8
"30-day survival (risk difference)",1,"oal_fix",-0.0660611294836202,0.0122032804054558,0.0123999831924643,6
"30-day survival (risk difference)",1,"oal_wamd",-0.0707167866147062,0.0158848684125881,0.0172808293185322,70.2
"30-day survival (risk difference)",1,"oads_thr",-0.0735250546405503,0.0128705855983781,0.0132124512809538,15.8
"30-day survival (risk difference)",1,"oads_bic",-0.0604907952289221,0.012348334325382,0.0127733012962981,12.4
"30-day survival (risk difference)",1,"trt_bic",-0.0621885417138765,0.0158161935474559,0.0173530709532333,38.2
"30-day survival (risk difference)",1,"bch",-0.0625380291629705,0.0154424893223741,0.0164503056093675,44.4
"30-day survival (risk difference)",1,"oal_ipw",-0.0623171709531875,0.0168862568735644,NA,74
"30-day survival (risk difference)",2,"full",-0.0706861100613994,0.0159325012667284,0.0176720654407903,74
"30-day survival (risk difference)",2,"out_thr",-0.065203063310134,0.0131128767964966,0.0136891820083261,16
"30-day survival (risk difference)",2,"out_bic",-0.0530951546325458,0.0124158359272377,0.0127764944636974,9.6
"30-day survival (risk difference)",2,"oal_fix",-0.0694831624808057,0.0121026196458415,0.0123613741520736,6
"30-day survival (risk difference)",2,"oal_wamd",-0.0701028261958783,0.0159221460359336,0.0173351781276171,70.2
"30-day survival (risk difference)",2,"oads_thr",-0.065203063310134,0.0131128767964966,0.0136891820083261,16
"30-day survival (risk difference)",2,"oads_bic",-0.0555423553416008,0.0125155153156643,0.0129402681670593,11.6
"30-day survival (risk difference)",2,"trt_bic",-0.0623691473159804,0.0153138044417679,0.0163001567634217,41.6
"30-day survival (risk difference)",2,"bch",-0.0601077361897586,0.0152448773137441,0.0163007264009416,45.6
"30-day survival (risk difference)",2,"oal_ipw",-0.0623171709531875,0.0168862568735644,NA,74
"30-day survival (risk difference)",3,"full",-0.0708503506599372,0.016232514837457,0.0180973473395503,74
"30-day survival (risk difference)",3,"out_thr",-0.0725880157637871,0.0129820594317642,0.0135087489199828,16.8
"30-day survival (risk difference)",3,"out_bic",-0.0602873181735136,0.0124402432070621,0.0129107501798279,11.2
"30-day survival (risk difference)",3,"oal_fix",-0.0688213801271844,0.0121949479751345,0.0125144869373543,5.8
"30-day survival (risk difference)",3,"oal_wamd",-0.0722695021323968,0.0161888899501499,0.0179598658088376,70.2
"30-day survival (risk difference)",3,"oads_thr",-0.0725880157637871,0.0129820594317642,0.0135087489199828,16.8
"30-day survival (risk difference)",3,"oads_bic",-0.0621696060260978,0.0125675846156335,0.0130962349366509,12.8
"30-day survival (risk difference)",3,"trt_bic",-0.0645465497231407,0.0158691427358197,0.0172037431465623,44.4
"30-day survival (risk difference)",3,"bch",-0.0668688321725356,0.0156586735403293,0.0169872135011779,48.4
"30-day survival (risk difference)",3,"oal_ipw",-0.0623171709531875,0.0168862568735644,NA,74
"30-day survival (risk difference)",4,"full",-0.0689933223448409,0.0153041063458618,0.0168710219286005,74
"30-day survival (risk difference)",4,"out_thr",-0.0724967018107985,0.0128322474352705,0.013256104148541,15.2
"30-day survival (risk difference)",4,"out_bic",-0.0570752883933334,0.0124933643862675,0.0128918532729077,10.6
"30-day survival (risk difference)",4,"oal_fix",-0.0690237331978977,0.0121411849939196,0.0124351356997201,5.6
"30-day survival (risk difference)",4,"oal_wamd",-0.0688767330623736,0.0152870261488118,0.0168651579157668,73.4
"30-day survival (risk difference)",4,"oads_thr",-0.0724967018107985,0.0128322474352705,0.013256104148541,15.2
"30-day survival (risk difference)",4,"oads_bic",-0.059599303610672,0.0125309405802441,0.0130291408961466,12
"30-day survival (risk difference)",4,"trt_bic",-0.0678830820272666,0.0153029644219849,0.0165231689278793,40.6
"30-day survival (risk difference)",4,"bch",-0.0616471511509374,0.0151829749887467,0.0164938821374681,45.2
"30-day survival (risk difference)",4,"oal_ipw",-0.0623171709531875,0.0168862568735644,NA,74
"30-day survival (risk difference)",5,"full",-0.0716743303181174,0.0156120641412494,0.0173098518049066,74
"30-day survival (risk difference)",5,"out_thr",-0.0716339617905354,0.0129451226127145,0.0133550440235516,15.8
"30-day survival (risk difference)",5,"out_bic",-0.0619165464786406,0.012515506582922,0.0130475841110149,11.2
"30-day survival (risk difference)",5,"oal_fix",-0.0698841518756092,0.0121034426466037,0.0123930837908179,5.6
"30-day survival (risk difference)",5,"oal_wamd",-0.0721215360400849,0.0156397728034643,0.0171885516663047,72
"30-day survival (risk difference)",5,"oads_thr",-0.0716339617905354,0.0129451226127145,0.0133550440235516,15.8
"30-day survival (risk difference)",5,"oads_bic",-0.062857054083277,0.0125919209800216,0.0131854712840256,12.8
"30-day survival (risk difference)",5,"trt_bic",-0.0620678426472917,0.0152480474879965,0.0160836822151544,38.6
"30-day survival (risk difference)",5,"bch",-0.0628991101694141,0.0150852070821182,0.0162446961563371,44.4
"30-day survival (risk difference)",5,"oal_ipw",-0.0623171709531875,0.0168862568735644,NA,74
"length of stay (days)",1,"full",2.35314295619985,0.975146221903434,1.08945767053995,74
"length of stay (days)",1,"out_thr",2.3398998232139,0.949224864386416,1.02942374229364,63.4
"length of stay (days)",1,"out_bic",2.24309305608976,0.963665128353529,1.07570786622116,73.4
"length of stay (days)",1,"oal_fix",2.55781952207065,0.968016284433487,1.02365060051217,38.4
"length of stay (days)",1,"oal_wamd",2.37102952297215,0.967454117490053,1.07636443940189,72
"length of stay (days)",1,"oads_thr",2.3398998232139,0.949224864386416,1.02942374229364,63.4
"length of stay (days)",1,"oads_bic",2.24309305608976,0.963665128353529,1.07570786622116,73.4
"length of stay (days)",1,"trt_bic",2.82748142891249,0.944957564624296,1.1017177203249,44.2
"length of stay (days)",1,"bch",2.35427219592098,0.976052280246496,1.09039669285025,73.6
"length of stay (days)",1,"oal_ipw",2.54167369858683,0.920057026239108,NA,74
"length of stay (days)",2,"full",2.06911343400473,0.971466301357106,1.0714975939951,74
"length of stay (days)",2,"out_thr",2.20351480271262,0.935128972487574,1.0106548769379,62.8
"length of stay (days)",2,"out_bic",2.11117130528192,0.961330256132641,1.06063147119534,73
"length of stay (days)",2,"oal_fix",2.55121639100776,0.903364551576631,0.964705074159432,38
"length of stay (days)",2,"oal_wamd",2.11208673330263,0.962077124476902,1.06145600841826,72.8
"length of stay (days)",2,"oads_thr",2.20351480271262,0.935128972487574,1.0106548769379,62.8
"length of stay (days)",2,"oads_bic",2.11117130528192,0.961330256132641,1.06063147119534,73
"length of stay (days)",2,"trt_bic",2.77714483623525,0.943078890398012,1.02117091910454,42.8
"length of stay (days)",2,"bch",2.05680751729104,0.97093042721088,1.06987319433224,73.4
"length of stay (days)",2,"oal_ipw",2.54167369858683,0.920057026239108,NA,74
"length of stay (days)",3,"full",2.31414641449041,0.954641333891525,1.0415869787196,74
"length of stay (days)",3,"out_thr",2.29217784390316,0.955023921567352,1.03838268779668,65.4
"length of stay (days)",3,"out_bic",2.34906006235265,0.954720447730519,1.04224415616251,73.4
"length of stay (days)",3,"oal_fix",2.75077187877001,0.92068854581263,0.980973301161165,41.2
"length of stay (days)",3,"oal_wamd",2.34295462313127,0.953256056386194,1.04077161405509,73.4
"length of stay (days)",3,"oads_thr",2.29217784390316,0.955023921567352,1.03838268779668,65.4
"length of stay (days)",3,"oads_bic",2.34906006235265,0.954720447730519,1.04224415616251,73.4
"length of stay (days)",3,"trt_bic",2.83038568682345,0.938500541971223,0.988041987876166,42.6
"length of stay (days)",3,"bch",2.31414641449041,0.954641333891525,1.0415869787196,74
"length of stay (days)",3,"oal_ipw",2.54167369858683,0.920057026239108,NA,74
"length of stay (days)",4,"full",2.33090151851576,0.961331826766128,1.05317053951237,74
"length of stay (days)",4,"out_thr",2.43145958727466,0.912934479707655,0.994818981324763,64
"length of stay (days)",4,"out_bic",2.32771784110061,0.949703072063424,1.03585702147324,73.6
"length of stay (days)",4,"oal_fix",2.50188459768278,0.911869604635376,0.970740163743637,38
"length of stay (days)",4,"oal_wamd",2.35144571253098,0.960657690587203,1.05177198194649,73.6
"length of stay (days)",4,"oads_thr",2.43145958727466,0.912934479707655,0.994818981324763,64
"length of stay (days)",4,"oads_bic",2.32771784110061,0.949703072063424,1.03585702147324,73.6
"length of stay (days)",4,"trt_bic",3.19154384871847,0.945818727746423,1.01794000391967,35.4
"length of stay (days)",4,"bch",2.33090151851576,0.961331826766128,1.05317053951237,74
"length of stay (days)",4,"oal_ipw",2.54167369858683,0.920057026239108,NA,74
"length of stay (days)",5,"full",3.12238142500709,0.976350916395453,1.05890806462525,74
"length of stay (days)",5,"out_thr",2.87609652618704,0.935133573019504,0.996463289097033,64
"length of stay (days)",5,"out_bic",3.12238142500709,0.976350916395453,1.0584765062615,73.8
"length of stay (days)",5,"oal_fix",2.85452112893655,0.927779690724199,0.992639707709074,39.2
"length of stay (days)",5,"oal_wamd",3.1389935239271,0.970651430042076,1.05874139915776,71.6
"length of stay (days)",5,"oads_thr",2.87609652618704,0.935133573019504,0.996463289097033,64
"length of stay (days)",5,"oads_bic",3.12238142500709,0.976350916395453,1.0584765062615,73.8
"length of stay (days)",5,"trt_bic",3.38997986997402,0.95495375234726,1.01669256590029,42.2
"length of stay (days)",5,"bch",3.12238142500709,0.976350916395453,1.0584765062615,73.8
"length of stay (days)",5,"oal_ipw",2.54167369858683,0.920057026239108,NA,74
